<?xml version="1.0" encoding="UTF-8"?>
<!DOCTYPE beans PUBLIC "-//SPRING//DTD BEAN//EN" 
"http://www.springframework.org/dtd/spring-beans.dtd">
<beans>
	<bean id="ds" class="org.springframework.jdbc.datasource.DriverManagerDataSource">
		 <property name="driverClassName" value="com.mysql.cj.jdbc.Driver" />
      	 <property name="url" value="jdbc:mysql://localhost:3306/cmstest"/>
      	 <property name="username" value="root" />
      	 <property name="password" value="root" />
	</bean>
	<bean id="jdbcTemp" class="org.springframework.jdbc.core.JdbcTemplate">
		<property name="dataSource" ref="ds" />
	</bean>
	<bean id="employDao" class="com.java.cms.MenuDAO">
		<property name="jdbcTemplate" ref="jdbcTemp"/>
	</bean>
	<bean id="walletDao" class="com.java.cms.WalletDAO">
		<property name="jdbcTemplate" ref="jdbcTemp"/>
	</bean>
	<bean id="orderDao" class="com.java.cms.OrderDAO">
		<property name="jdbcTemplate" ref="jdbcTemp"/>
	</bean>
	<bean id="customerDao" class="com.java.cms.CustomerDAO">
		<property name="jdbcTemplate" ref="jdbcTemp"/>
	</bean>
</beans>